0001-source-service_fault_type.sql-service_fault_type.sql.sql	service_fault_type.sql::service_fault_type.sql
0002-source-service_order_log.sql-service_order_log.sql.sql	service_order_log.sql::service_order_log.sql
0003-source-service_order.sql-service_order.sql.sql	service_order.sql::service_order.sql
0004-source-service_type.sql-service_type.sql.sql	service_type.sql::service_type.sql
0005-source-ai-2024-07-07.sql-ai-2024-07-07.sql.sql	ai-2024-07-07.sql::ai-2024-07-07.sql
0006-source-ai-2025-08-10.sql-ai-2025-08-10.sql.sql	ai-2025-08-10.sql::ai-2025-08-10.sql
0007-source-ai-2025-10-01.sql-ai-2025-10-01.sql.sql	ai-2025-10-01.sql::ai-2025-10-01.sql
0008-source-ai-2025-03-15-传播违法.sql-ai-2025-03-15-传播违法.sql.sql	ai-2025-03-15-传播违法.sql::ai-2025-03-15-传播违法.sql
0009-source-ai-2025-08-29-传播违法.sql-ai-2025-08-29-传播违法.sql.sql	ai-2025-08-29-传播违法.sql::ai-2025-08-29-传播违法.sql
0010-source-ai-2026-04-16-传播违法.sql-ai-2026-04-16-传播违法.sql.sql	ai-2026-04-16-传播违法.sql::ai-2026-04-16-传播违法.sql
0011-source-bpm.sql-bpm.sql.sql	bpm.sql::bpm.sql
0012-source-bpm-2024-03-24.sql-bpm-2024-03-24.sql.sql	bpm-2024-03-24.sql::bpm-2024-03-24.sql
0013-source-bpm-2024-10-07.sql-bpm-2024-10-07.sql.sql	bpm-2024-10-07.sql::bpm-2024-10-07.sql
0014-source-bpm-2024-11-23.sql-bpm-2024-11-23.sql.sql	bpm-2024-11-23.sql::bpm-2024-11-23.sql
0015-source-bpm-2025-01-24.sql-bpm-2025-01-24.sql.sql	bpm-2025-01-24.sql::bpm-2025-01-24.sql
0016-source-bpm-2025-03-17-传播违法.sql-bpm-2025-03-17-传播违法.sql.sql	bpm-2025-03-17-传播违法.sql::bpm-2025-03-17-传播违法.sql
0017-source-bpm-2024-03-30.sql-bpm-2024-03-30.sql.sql	bpm-2024-03-30.sql::bpm-2024-03-30.sql
0018-source-bpm-2025-08-24-传播违法.sql-bpm-2025-08-24-传播违法.sql.sql	bpm-2025-08-24-传播违法.sql::bpm-2025-08-24-传播违法.sql
0019-source-bpm-2025-10-04-传播违法.sql-bpm-2025-10-04-传播违法.sql.sql	bpm-2025-10-04-传播违法.sql::bpm-2025-10-04-传播违法.sql
0020-source-bpm-20250201-禁止传播.sql-bpm-20250201-禁止传播.sql.sql	bpm-20250201-禁止传播.sql::bpm-20250201-禁止传播.sql
0021-source-bpm-2026-04-18-传播违法.sql-bpm-2026-04-18-传播违法.sql.sql	bpm-2026-04-18-传播违法.sql::bpm-2026-04-18-传播违法.sql
0022-source-crm-2024-01-13.sql-crm-2024-01-13.sql.sql	crm-2024-01-13.sql::crm-2024-01-13.sql
0023-source-crm-2024-02-26.sql-crm-2024-02-26.sql.sql	crm-2024-02-26.sql::crm-2024-02-26.sql
0024-source-crm-2024-09-30.sql-crm-2024-09-30.sql.sql	crm-2024-09-30.sql::crm-2024-09-30.sql
0025-source-crm-2026-04-18-传播违法.sql-crm-2026-04-18-传播违法.sql.sql	crm-2026-04-18-传播违法.sql::crm-2026-04-18-传播违法.sql
0026-source-erp-2024-02-16.sql-erp-2024-02-16.sql.sql	erp-2024-02-16.sql::erp-2024-02-16.sql
0027-source-erp-2024-05-03.sql-erp-2024-05-03.sql.sql	erp-2024-05-03.sql::erp-2024-05-03.sql
0028-source-erp-2026-04-18-传播违法.sql-erp-2026-04-18-传播违法.sql.sql	erp-2026-04-18-传播违法.sql::erp-2026-04-18-传播违法.sql
0029-source-fms-2026-08-14-传播违法.sql-fms-2026-08-14-传播违法.sql.sql	fms-2026-08-14-传播违法.sql::fms-2026-08-14-传播违法.sql
0030-source-go-view.sql.sql	go-view.sql
0031-source-hrm-2026-08-04-传播违法.sql-hrm-2026-08-04-传播违法.sql.sql	hrm-2026-08-04-传播违法.sql::hrm-2026-08-04-传播违法.sql
0032-source-im-2026-05-31-传播违法.sql-im-2026-05-31-传播违法.sql.sql	im-2026-05-31-传播违法.sql::im-2026-05-31-传播违法.sql
0033-source-im-2026-06-20-传播违法.sql-im-2026-06-20-传播违法.sql.sql	im-2026-06-20-传播违法.sql::im-2026-06-20-传播违法.sql
0034-source-iot-2025-03-17.sql-iot-2025-03-17.sql.sql	iot-2025-03-17.sql::iot-2025-03-17.sql
0035-source-iot-2025-07-20.sql-iot-2025-07-20.sql.sql	iot-2025-07-20.sql::iot-2025-07-20.sql
0036-source-iot-2025-12-27-传播违法.sql-iot-2025-12-27-传播违法.sql.sql	iot-2025-12-27-传播违法.sql::iot-2025-12-27-传播违法.sql
0037-source-iot-2026-01-30-传播违法.sql-iot-2026-01-30-传播违法.sql.sql	iot-2026-01-30-传播违法.sql::iot-2026-01-30-传播违法.sql
0038-source-iot-2026-02-10-传播违法.sql-iot-2026-02-10-传播违法.sql.sql	iot-2026-02-10-传播违法.sql::iot-2026-02-10-传播违法.sql
0039-source-iot-2026-04-18-传播违法.sql-iot-2026-04-18-传播违法.sql.sql	iot-2026-04-18-传播违法.sql::iot-2026-04-18-传播违法.sql
0040-source-iot-2026-06-20-传播违法.sql-iot-2026-06-20-传播违法.sql.sql	iot-2026-06-20-传播违法.sql::iot-2026-06-20-传播违法.sql
0041-source-mall-08-31.sql-mall-08-31.sql.sql	mall-08-31.sql::mall-08-31.sql
0042-source-mall-2024-01-13.sql-mall-2024-01-13.sql.sql	mall-2024-01-13.sql::mall-2024-01-13.sql
0043-source-mall-2024-01-17.sql-mall-2024-01-17.sql.sql	mall-2024-01-17.sql::mall-2024-01-17.sql
0044-source-mall-2024-05-03.sql-mall-2024-05-03.sql.sql	mall-2024-05-03.sql::mall-2024-05-03.sql
0045-source-mall-2024-07-22.sql.sql	mall-2024-07-22.sql
0046-source-mall-2024-10-05.sql-mall-2024-10-05.sql.sql	mall-2024-10-05.sql::mall-2024-10-05.sql
0047-source-ruoyi-vue-pro-mall-2025-05-12传播违法.sql-ruoyi-vue-pro-mall-2025-05-12传播违法.sql.sql	ruoyi-vue-pro-mall-2025-05-12传播违法.sql::ruoyi-vue-pro-mall-2025-05-12传播违法.sql
0048-source-mall-2026-04-18-传播违法.sql-mall-2026-04-18-传播违法.sql.sql	mall-2026-04-18-传播违法.sql::mall-2026-04-18-传播违法.sql
0049-source-member-2024-01-18.sql-member-2024-01-18.sql.sql	member-2024-01-18.sql::member-2024-01-18.sql
0050-source-member-2026-04-18-传播违法.sql-member-2026-04-18-传播违法.sql.sql	member-2026-04-18-传播违法.sql::member-2026-04-18-传播违法.sql
0051-source-member-2026-05-30-传播违法.sql-member-2026-05-30-传播违法.sql.sql	member-2026-05-30-传播违法.sql::member-2026-05-30-传播违法.sql
0052-source-mes-206-04-06-传播违法.sql-mes-206-04-06-传播违法.sql.sql	mes-206-04-06-传播违法.sql::mes-206-04-06-传播违法.sql
0053-source-mes-2026-05-05-传播违法.sql-mes-2026-05-05-传播违法.sql.sql	mes-2026-05-05-传播违法.sql::mes-2026-05-05-传播违法.sql
0054-source-mes-2026-06-20-传播违法.sql-mes-2026-06-20-传播违法.sql.sql	mes-2026-06-20-传播违法.sql::mes-2026-06-20-传播违法.sql
0055-source-mes-206-04-18-传播违法.sql-mes-206-04-18-传播违法.sql.sql	mes-206-04-18-传播违法.sql::mes-206-04-18-传播违法.sql
0056-source-mp-2024-05-29.sql-mp-2024-05-29.sql.sql	mp-2024-05-29.sql::mp-2024-05-29.sql
0057-source-mp-2025-12-07 传播违法.sql-mp-2025-12-07 传播违法.sql.sql	mp-2025-12-07 传播违法.sql::mp-2025-12-07 传播违法.sql
0058-source-mp-2026-04-18-传播违法.sql-mp-2026-04-18-传播违法.sql.sql	mp-2026-04-18-传播违法.sql::mp-2026-04-18-传播违法.sql
0059-source-pay-2024-01-05.sql-pay-2024-01-05.sql.sql	pay-2024-01-05.sql::pay-2024-01-05.sql
0060-source-pay-2024-08.sql-pay-2024-08.sql.sql	pay-2024-08.sql::pay-2024-08.sql
0061-source-pay-2025-05-12传播违法.sql-pay-2025-05-12传播违法.sql.sql	pay-2025-05-12传播违法.sql::pay-2025-05-12传播违法.sql
0062-source-pay-2025-07-27传播违法.sql-pay-2025-07-27传播违法.sql.sql	pay-2025-07-27传播违法.sql::pay-2025-07-27传播违法.sql
0063-source-pay-2026-04-18-传播违法.sql-pay-2026-04-18-传播违法.sql.sql	pay-2026-04-18-传播违法.sql::pay-2026-04-18-传播违法.sql
0064-source-ruoyi-vue-pro-mall-2024-09-11.sql-ruoyi-vue-pro-mall-2024-09-11.sql.sql	ruoyi-vue-pro-mall-2024-09-11.sql::ruoyi-vue-pro-mall-2024-09-11.sql
0065-source-ruoyi-vue-pro-mall-2024-12-29.sql-ruoyi-vue-pro-mall-2024-12-29.sql.sql	ruoyi-vue-pro-mall-2024-12-29.sql::ruoyi-vue-pro-mall-2024-12-29.sql
0066-source-ruoyi-vue-pro-mall-2025-01-25.sql-ruoyi-vue-pro-mall-2025-01-25.sql.sql	ruoyi-vue-pro-mall-2025-01-25.sql::ruoyi-vue-pro-mall-2025-01-25.sql
0067-source-wms-2026-05-15-传播违法.sql-wms-2026-05-15-传播违法.sql.sql	wms-2026-05-15-传播违法.sql::wms-2026-05-15-传播违法.sql
0068-mysql-mysql-all-databases-20260826-150741.sql.sql	2026-08-26\mysql-all-databases-20260826-150741.sql
0069-mysql-mysql-all-databases-20260827-150433.sql.sql	2026-08-27\mysql-all-databases-20260827-150433.sql
